number,title,link,state
1,UFO001 Prolog,https://web.archive.org/web/20201113201409/https://podcast-ufo.fail/wp-content/uploads/ufo001prolog.m4a,done
2,UFO002 Fehlkäufe/Unwichtiges,https://web.archive.org/web/20201113201409/https://podcast-ufo.fail/wp-content/uploads/ufo002_fertig.mp3,done
3,UFO003 Magnete/Mails,https://web.archive.org/web/20201113201409/https://podcast-ufo.fail/wp-content/uploads/ufo_3_fertig.mp3,done
4,UFO004 Offene Themenparade,https://web.archive.org/web/20201113201409/https://podcast-ufo.fail/wp-content/uploads/ufo004_fertiger.mp3,done
5,UFO005 Tele5,https://web.archive.org/web/20201113201409/https://podcast-ufo.fail/wp-content/uploads/ufo005_fertig.mp3,done
6,UFO006 Möbel und Möglichkeiten,https://web.archive.org/web/20201113201409/https://podcast-ufo.fail/wp-content/uploads/ufo006_fertig.mp3,done
7,UFO007 Prüfen und Liefern,https://web.archive.org/web/20201113201409/https://podcast-ufo.fail/wp-content/uploads/ufo007_fertig.mp3,done
8,UFO008 Sport ist ihr Hobby,https://web.archive.org/web/20201113201409/https://podcast-ufo.fail/wp-content/uploads/ufo008_fertig.mp3,done
9,UFO009 Ja und Nein,https://web.archive.org/web/20201113201409/https://podcast-ufo.fail/wp-content/uploads/ufo009_fertig.mp3,done
10,UFO010 Aufschieben und Zukunft,https://sphinx.acast.com/podcast-ufo/ufo010aufschiebenundzukunft/media.mp3,done
11,UFO011 Professionalität und Marketing,https://web.archive.org/web/20201113201409/https://podcast-ufo.fail/wp-content/uploads/ufo011_fertig.mp3,done
12,UFO012 Chaos,https://web.archive.org/web/20201113201409/https://podcast-ufo.fail/wp-content/uploads/ufo12_fettig.mp3,done
13,UFO013 Licht,https://web.archive.org/web/20201113201409/https://podcast-ufo.fail/wp-content/uploads/ufo013_fertig.mp3,done
14,UFO014 Scham,https://web.archive.org/web/20201113201409/https://podcast-ufo.fail/wp-content/uploads/ufo014_fertig.mp3,done
15,UFO015 Zeit,https://web.archive.org/web/20201113201409/https://podcast-ufo.fail/wp-content/uploads/ufo015_fertig.mp3,done
16,UFO016 Oli P.,https://web.archive.org/web/20200621103800/http://podcast-ufo.fail/wp-content/uploads/ufo016_fertig.mp3,done
17,UFO017 Schenken und Schinken,https://web.archive.org/web/20200621103800/http://podcast-ufo.fail/wp-content/uploads/ufo017_fertig.mp3,done
18,UFO018 Chancen,https://web.archive.org/web/20201113201409/https://podcast-ufo.fail/wp-content/uploads/ufo018_fertig.mp3,done
19,UFO019 Hobbys,https://web.archive.org/web/20201113201409/https://podcast-ufo.fail/wp-content/uploads/ufo019_fertig.mp3,done
20,UFO020 Universum,https://web.archive.org/web/20201113201409/https://podcast-ufo.fail/wp-content/uploads/ufo020_fertig.mp3,done
21,UFO021 Schlaf und Traum,https://web.archive.org/web/20201113201409/https://podcast-ufo.fail/wp-content/uploads/ufo21_fertig.mp3,done
22,UFO022 Sinne,https://web.archive.org/web/20201113201409/https://podcast-ufo.fail/wp-content/uploads/ufo022_fertig.mp3,done
23,UFO023 Nostalgie,https://web.archive.org/web/20201113201409/https://podcast-ufo.fail/wp-content/uploads/ufo023_fertig.mp3,done
24,UFO024 Nostalgie 2,https://web.archive.org/web/20201113201409/https://podcast-ufo.fail/wp-content/uploads/ufo024_fertig.mp3,done
25,UFO025 Trends,https://web.archive.org/web/20201113201409/https://podcast-ufo.fail/wp-content/uploads/ufo025_fertig.mp3,done
26,UFO026 Humorkongress,https://web.archive.org/web/20201113201409/https://podcast-ufo.fail/wp-content/uploads/ufo026_fertig.mp3,done
27,UFO027 Supermarkt,https://web.archive.org/web/20201113201409/https://podcast-ufo.fail/wp-content/uploads/ufo027_fertig.mp3,done
28,UFO028 Freizeitparks,https://web.archive.org/web/20201113201409/https://podcast-ufo.fail/wp-content/uploads/ufo028_fertig.mp3,done
29,UFO029 Nils Bokelberg,https://web.archive.org/web/20201113201409/https://podcast-ufo.fail/wp-content/uploads/ufo029_fertig.mp3,done
30,UFO030 Stand-Up,https://web.archive.org/web/20201113201409/https://podcast-ufo.fail/wp-content/uploads/ufo030_fertig.mp3,done
31,UFO031 Schlechte Folge,https://web.archive.org/web/20201113201409/https://podcast-ufo.fail/wp-content/uploads/ufo031_fertig.mp3,done
32,UFO032 Maxi Gstettenbauer,https://web.archive.org/web/20201113201409/https://podcast-ufo.fail/wp-content/uploads/ufo32_fertig.mp3,done
33,UFO033 Community,https://web.archive.org/web/20201113201409/https://podcast-ufo.fail/wp-content/uploads/ufo033_fertig.mp3,done
34,UFO034 Schicksal,https://web.archive.org/web/20201113201409/https://podcast-ufo.fail/wp-content/uploads/ufo34_fertiger.mp3,done
35,UFO035 Haus,https://web.archive.org/web/20201113201409/https://podcast-ufo.fail/wp-content/uploads/ufo35_fertig.mp3,done
36,UFO036 Versäumnisse,https://web.archive.org/web/20201113201409/https://podcast-ufo.fail/wp-content/uploads/ufo36_fertig.mp3,done
37,UFO037 Luke Mockridge,https://web.archive.org/web/20201113201409/https://podcast-ufo.fail/wp-content/uploads/ufo37_fertig.mp3,done
38,UFO038 Ralph Ruthe,https://web.archive.org/web/20201113201409/https://podcast-ufo.fail/wp-content/uploads/ufo38_fertig.mp3,done
39,UFO039 Hamburg Monopol Hotel,https://web.archive.org/web/20201113201409/https://podcast-ufo.fail/wp-content/uploads/ufo39_fertig.mp3,done
40,UFO040 Hass,https://web.archive.org/web/20201113201409/https://podcast-ufo.fail/wp-content/uploads/ufo41_fertig.mp3,done
41,UFO041 Kindergeschichten,https://web.archive.org/web/20201113201409/https://podcast-ufo.fail/wp-content/uploads/ufo41eig42_fertig.mp3,done
42,UFO042 Donnie O’Sullivan,https://web.archive.org/web/20201113201409/https://podcast-ufo.fail/wp-content/uploads/ufo42_donnie_fertig.mp3,done
43,UFO043 Kindergeschichten zwei,https://web.archive.org/web/20201113201409/https://podcast-ufo.fail/wp-content/uploads/ufo43_fertig_fix.mp3,done
44,UFO044 Boing,https://web.archive.org/web/20201113201409/https://podcast-ufo.fail/wp-content/uploads/ufo44_44_fertig.mp3,done
45,UFO045 Homestory Cordula,https://web.archive.org/web/20201113201409/https://podcast-ufo.fail/wp-content/uploads/ufo045_fertig_fix.mp3,done
46,UFO046 2015,https://web.archive.org/web/20201113201409/https://podcast-ufo.fail/wp-content/uploads/ufo46_itunesfertig.mp3,done
47,UFO047 2016,https://web.archive.org/web/20201113201409/https://podcast-ufo.fail/wp-content/uploads/ufo47_itunesfertig.mp3,done
48,UFO048 Minga,https://web.archive.org/web/20201113201409/https://podcast-ufo.fail/wp-content/uploads/ufo49_fertig.mp3,done
49,UFO049 Avocado,https://web.archive.org/web/20201113201409/https://podcast-ufo.fail/wp-content/uploads/ufo49_fertigg.mp3,done
50,UFO050 Die große „Folge 50“ Jubiläumsgala!,https://web.archive.org/web/20201113201409/https://podcast-ufo.fail/wp-content/uploads/pufo50.mp3,done
51,UFO051 Umzug,https://web.archive.org/web/20201113201409/https://podcast-ufo.fail/wp-content/uploads/ufo50_fertig.mp3,done
52,UFO052 Hinschlagen,https://web.archive.org/web/20201113201409/https://podcast-ufo.fail/wp-content/uploads/ufo52_fertig.mp3,done
53,UFO053 El Cajón,https://web.archive.org/web/20201113201409/https://podcast-ufo.fail/wp-content/uploads/ufo53_fertig.mp3,done
54,UFO054 Alphabet 2,https://web.archive.org/web/20201113201409/https://podcast-ufo.fail/wp-content/uploads/ufo54_fertig_2.mp3,done
55,UFO055 Alphabet 1,https://web.archive.org/web/20201113201409/https://podcast-ufo.fail/wp-content/uploads/ufo55_fertig.mp3,done
56,UFO056 Katastrophe,https://web.archive.org/web/20201113201409/https://podcast-ufo.fail/wp-content/uploads/ufo56_fertig.mp3,done
57,UFO057 Evolution,https://web.archive.org/web/20201113201409/https://podcast-ufo.fail/wp-content/uploads/ufo57_fertig.mp3,done
58,UFO058 New York,https://web.archive.org/web/20201113201409/https://podcast-ufo.fail/wp-content/uploads/ufo58_fertig.mp3,done
59,UFO059 Schaumfinger,https://web.archive.org/web/20201113201409/https://podcast-ufo.fail/wp-content/uploads/ufo59_fertig.mp3,done
60,UFO060 Rockstah,https://web.archive.org/web/20201113201409/https://podcast-ufo.fail/wp-content/uploads/ufo60_fertig.mp3,done
61,UFO061 Amok,https://web.archive.org/web/20201113201409/https://podcast-ufo.fail/wp-content/uploads/ufo61_fertig.mp3,done
62,UFO062 EM,https://web.archive.org/web/20201113201409/https://podcast-ufo.fail/wp-content/uploads/ufo62_fertig.mp3,done
63,UFO063 Katjana Gerz,https://web.archive.org/web/20201113201409/https://podcast-ufo.fail/wp-content/uploads/ufo63_gerz.mp3,done
64,UFO064 Lena Kupke,https://web.archive.org/web/20201113201409/https://podcast-ufo.fail/wp-content/uploads/ufo64_kupke.mp3,done
65,UFO065 Sabrina Sauer,https://web.archive.org/web/20201113201409/https://podcast-ufo.fail/wp-content/uploads/ufo65_sauer.mp3,done
66,UFO066 Viktoria Klimmeck,https://web.archive.org/web/20201113201409/https://podcast-ufo.fail/wp-content/uploads/ufo66_kimlich.mp3,done
67,UFO067 Tine Addams,https://web.archive.org/web/20201113201409/https://podcast-ufo.fail/wp-content/uploads/ufo67_addams.mp3,done
68,UFO068 Männerrunde,https://web.archive.org/web/20201113201409/https://podcast-ufo.fail/wp-content/uploads/ufo68_fertig.mp3,done
69,UFO069 Ingrid Wenzel,https://web.archive.org/web/20201113201409/https://podcast-ufo.fail/wp-content/uploads/ufo69_fertig.mp3,done
70,UFO070 Kratzeis,https://web.archive.org/web/20201113201409/https://podcast-ufo.fail/wp-content/uploads/ufo70_fertig.mp3,done
71,UFO071 Spotify,https://web.archive.org/web/20201113201409/https://podcast-ufo.fail/wp-content/uploads/ufo71_fertig.mp3,done
72,UFO072 Höflichkeit,https://web.archive.org/web/20201113201409/https://podcast-ufo.fail/wp-content/uploads/ufo72_fertig.mp3,done
73,UFO073 Koordinaten,https://web.archive.org/web/20201113201409/https://podcast-ufo.fail/wp-content/uploads/ufo73_fertig.mp3,done
74,UFO074 Wohnen,https://web.archive.org/web/20201113201409/https://podcast-ufo.fail/wp-content/uploads/ufo74_fertig.mp3,done
75,UFO075 Mandela Effekt,https://web.archive.org/web/20201113201409/https://podcast-ufo.fail/wp-content/uploads/ufo75_fertig.mp3,done
76,UFO076 Hazel Brugger,https://web.archive.org/web/20201113201409/https://podcast-ufo.fail/wp-content/uploads/ufo076_fertig.mp3,done
77,UFO077 Hörernachrichten,https://web.archive.org/web/20171115231352/http://podcast-ufo.fail/wp-content/uploads/pufo077_fertig.mp3,done
78,UFO078 Kein Gag,https://web.archive.org/web/20201113201409/https://podcast-ufo.fail/wp-content/uploads/pufo78_fertig.mp3,done
79,UFO079 Comedypreis,https://web.archive.org/web/20201113201409/https://podcast-ufo.fail/wp-content/uploads/ufo79_fertig.mp3,done
80,UFO080 Pocket,https://web.archive.org/web/20201113201409/https://podcast-ufo.fail/wp-content/uploads/pufo80.mp3,done
81,UGO081 Freestyle Karate,https://web.archive.org/web/20201113201409/https://podcast-ufo.fail/wp-content/uploads/pufo81l.mp3,done
82,UFO082 Applaus,https://web.archive.org/web/20201113201409/https://podcast-ufo.fail/wp-content/uploads/puf082.mp3,done
83,UFO083 Comic-Salon,https://web.archive.org/web/20201113201409/https://podcast-ufo.fail/wp-content/uploads/ufo083.mp3,done
84,UFO084 Jahresrückblick,https://web.archive.org/web/20201113201409/https://podcast-ufo.fail/wp-content/uploads/pufo84.mp3,done
85,UFO085 Neujahrsempfang,https://web.archive.org/web/20201113201409/https://podcast-ufo.fail/wp-content/uploads/pufo085.mp3,done
86,UFO086 Ski,https://web.archive.org/web/20201113201409/https://podcast-ufo.fail/wp-content/uploads/pufo86.mp3,done
87,UFO087 Behinderte,https://web.archive.org/web/20201113201409/https://podcast-ufo.fail/wp-content/uploads/pufo87.mp3,done
88,UFO088 Alkohol und Tränen,https://web.archive.org/web/20201113201409/https://podcast-ufo.fail/wp-content/uploads/pufo88.mp3,done
89,UFO089 Over,https://web.archive.org/web/20201113201409/https://podcast-ufo.fail/wp-content/uploads/pufo89.mp3,done
90,UFO090 Apps,https://web.archive.org/web/20201113201409/https://podcast-ufo.fail/wp-content/uploads/pufo90.mp3,done
91,UFO091 Bamboocha,https://web.archive.org/web/20201113201409/https://podcast-ufo.fail/wp-content/uploads/pufo91.mp3,done
92,UFO092 Die Goldkamera,https://web.archive.org/web/20200615125128/http://podcast-ufo.fail/wp-content/uploads/pufo92.mp3,done
93,UFO093 Computersimulation,https://web.archive.org/web/20201113201409/https://podcast-ufo.fail/wp-content/uploads/pufo93.mp3,done
94,UFO094 Fit kann auch lustig,https://web.archive.org/web/20201113201409/https://podcast-ufo.fail/wp-content/uploads/pufo94.mp3,done
95,UFO095 Sex Cool,https://web.archive.org/web/20201113201409/https://podcast-ufo.fail/wp-content/uploads/pufo95.mp3,done
96,UFO096 Kein Product Placement,https://web.archive.org/web/20201113201409/https://podcast-ufo.fail/wp-content/uploads/pufo96.mp3,done
97,UFO097 Gänseblümchen,https://web.archive.org/web/20201113201409/https://podcast-ufo.fail/wp-content/uploads/pufo97.mp3,done
98,UFO098 Kratzeis 2,https://web.archive.org/web/20201113201409/https://podcast-ufo.fail/wp-content/uploads/pufo098.mp3,done
99,UFO099 Hof,https://web.archive.org/web/20201113201409/https://podcast-ufo.fail/wp-content/uploads/pufo099.mp3,done
100,UFO100 Jan Böhmermann,https://web.archive.org/web/20201113201409/https://podcast-ufo.fail/wp-content/uploads/pufo100.mp3,done
101,UFO101 Sommer Sommer Sommer Sommer,https://web.archive.org/web/20201113201409/https://podcast-ufo.fail/wp-content/uploads/pufo101.mp3,done
102,UFO102 Thesen,https://web.archive.org/web/20201113201409/https://podcast-ufo.fail/wp-content/uploads/pufo102.mp3,done
103,UFO103 Antenne Askaban,https://web.archive.org/web/20201113201409/https://podcast-ufo.fail/wp-content/uploads/pufo103.mp3,done
104,UFO104 Fingernägel,https://web.archive.org/web/20201113201409/https://podcast-ufo.fail/wp-content/uploads/pufo104.mp3,done
105,UFO105 Schulweg,https://web.archive.org/web/20201113201409/https://podcast-ufo.fail/wp-content/uploads/pufo105.mp3,done
106,UFO106 Empfehlungen,https://web.archive.org/web/20201113201409/https://podcast-ufo.fail/wp-content/uploads/pufo106u.mp3,done
107,UFO107 Mediapark,https://web.archive.org/web/20201113201409/https://podcast-ufo.fail/wp-content/uploads/pufo107.mp3,done
108,UFO108 Bungeeunglück,https://web.archive.org/web/20201113201409/https://podcast-ufo.fail/wp-content/uploads/pufo108.mp3,done
109,UFO109 Brrr!,https://web.archive.org/web/20201113201409/https://podcast-ufo.fail/wp-content/uploads/pufo109.mp3,done
110,UFO110 Gang zurück,https://web.archive.org/web/20201113201409/https://podcast-ufo.fail/wp-content/uploads/pufo110.mp3,done
111,UFO111 Rauswieseln,https://web.archive.org/web/20201113201409/https://podcast-ufo.fail/wp-content/uploads/pufo111.mp3,done
112,UFO112 Oder wie sagen würde,https://web.archive.org/web/20201113201409/https://podcast-ufo.fail/wp-content/uploads/pufo112.mp3,done
113,UFO113 Anna Frebel,https://web.archive.org/web/20201113201409/https://podcast-ufo.fail/wp-content/uploads/pufo113.mp3,done
114,UFO114 Seepferdchen,https://web.archive.org/web/20201113201409/https://podcast-ufo.fail/wp-content/uploads/pufo114.mp3,done
115,UFO115 Etienne Gardé 1,https://web.archive.org/web/20201113201409/https://podcast-ufo.fail/wp-content/uploads/pufo115.mp3,done
116,UFO116 Tresor,https://web.archive.org/web/20201113201409/https://podcast-ufo.fail/wp-content/uploads/pufo116.mp3,done
117,UFO117 Atoll,https://web.archive.org/web/20201113201409/https://podcast-ufo.fail/wp-content/uploads/pufo117.mp3,done
118,UFO118 Sole,https://web.archive.org/web/20201113201409/https://podcast-ufo.fail/wp-content/uploads/pufo118.mp3,done
119,UFO119 Geschmack,https://web.archive.org/web/20201113201409/https://podcast-ufo.fail/wp-content/uploads/pufo119.mp3,done
120,UFO120 Advent,https://web.archive.org/web/20201113201409/https://podcast-ufo.fail/wp-content/uploads/pufo120.mp3,done
121,UFO121 Waschende Maschine,https://web.archive.org/web/20201113201409/https://podcast-ufo.fail/wp-content/uploads/pufo121.mp3,done
122,UFO122 Der 300 Dollar Mann,https://web.archive.org/web/20201113201409/https://podcast-ufo.fail/wp-content/uploads/pufo122.mp3,done
123,UFO123 Arrrrr!,https://web.archive.org/web/20201113201409/https://podcast-ufo.fail/wp-content/uploads/pufo123.mp3,done
124,UFO124 Geldeimer,https://web.archive.org/web/20201113201409/https://podcast-ufo.fail/wp-content/uploads/pufo124.mp3,done
125,UFO125 Rauchen,https://web.archive.org/web/20201113201409/https://podcast-ufo.fail/wp-content/uploads/pufo125.mp3,done
126,UFO126 Pyramiden,https://web.archive.org/web/20201113201409/https://podcast-ufo.fail/wp-content/uploads/pufo126.mp3,done
127,UFO127 Dachau,https://web.archive.org/web/20201113201409/https://podcast-ufo.fail/wp-content/uploads/pufo127.mp3,done
128,UFO128 Live Show Berlin,https://web.archive.org/web/20201113201409/https://podcast-ufo.fail/wp-content/uploads/pufo128.mp3,done
129,UFO129 Ein Fuchs geht nicht ins Krankenhaus,https://web.archive.org/web/20201113201409/https://podcast-ufo.fail/wp-content/uploads/pufo129.mp3,done
130,UFO130 Eier,https://web.archive.org/web/20201113201409/https://podcast-ufo.fail/wp-content/uploads/pufo130.mp3,done
131,UFO131 Live Show Köln,https://web.archive.org/web/20201113201409/https://podcast-ufo.fail/wp-content/uploads/pufo131.mp3,done
132,"UFO132 Stefan Titze, ich find‘ du bist n’toller Typ!",https://web.archive.org/web/20201113201409/https://podcast-ufo.fail/wp-content/uploads/pufo132.mp3,done
133,UFO133 Denar,https://web.archive.org/web/20201113201409/https://podcast-ufo.fail/wp-content/uploads/pufo133.mp3,done
134,UFO134 Bochum Hotel,https://web.archive.org/web/20201113201409/https://podcast-ufo.fail/wp-content/uploads/pufo134.mp3,done
135,UFO135 Booty,https://web.archive.org/web/20201113201409/https://podcast-ufo.fail/wp-content/uploads/pufo135.mp3,done
136,UFO136 AIDS,https://web.archive.org/web/20201113201409/https://podcast-ufo.fail/wp-content/uploads/pufo136.mp3,done
137,UFO137 Who are you when no one’s watching?,https://web.archive.org/web/20201113201409/https://podcast-ufo.fail/wp-content/uploads/pufo137.mp3,done
138,UFO138 Gute Nacht,https://web.archive.org/web/20201113201409/https://podcast-ufo.fail/wp-content/uploads/pufo138.mp3,done
139,UFO139 Es regnet,https://web.archive.org/web/20201113201409/https://podcast-ufo.fail/wp-content/uploads/pufo139.mp3,done
140,UFO140 Ganz schön voll hier,https://web.archive.org/web/20201113201409/https://podcast-ufo.fail/wp-content/uploads/pufo140.mp3,done
141,UFO141 Sinnentleertes Lustwandeln,https://web.archive.org/web/20201113201409/https://podcast-ufo.fail/wp-content/uploads/pufo141.mp3,done
142,UFO142 Nachbarn,https://web.archive.org/web/20201113201409/https://podcast-ufo.fail/wp-content/uploads/pufo142.mp3,done
143,UFO143 Ohayō,https://web.archive.org/web/20201113201409/https://podcast-ufo.fail/wp-content/uploads/pufo143.mp3,done
144,UFO144 Pferd,https://web.archive.org/web/20201113201409/https://podcast-ufo.fail/wp-content/uploads/pufo144.mp3,done
145,UFO145 Bestellung,https://web.archive.org/web/20201113201409/https://podcast-ufo.fail/wp-content/uploads/pufo145.mp3,done
146,UFO146 Live Show Mannheim,https://web.archive.org/web/20201113201409/https://podcast-ufo.fail/wp-content/uploads/pufo146.mp3,done
147,UFO147 Live Show Hannover,https://web.archive.org/web/20201113201409/https://podcast-ufo.fail/wp-content/uploads/pufo148klein.mp3,done
148,UFO148 Draußen,https://web.archive.org/web/20201113201409/https://podcast-ufo.fail/wp-content/uploads/pufo148kleinklein.mp3,done
149,UFO149 Fehlkunst,https://web.archive.org/web/20201113201409/https://podcast-ufo.fail/wp-content/uploads/pufo149klein.mp3,done
150,UFO150 Maya,https://web.archive.org/web/20201113201409/https://podcast-ufo.fail/wp-content/uploads/pufo150klein.mp3,done
151,UFO151 Live Show Hamburg,https://web.archive.org/web/20201113201409/https://podcast-ufo.fail/wp-content/uploads/pufo151klein.mp3,done
152,"UFO152 Van Gogh, Picasso",https://web.archive.org/web/20201113201409/https://podcast-ufo.fail/wp-content/uploads/pufo152kleinklein.mp3,done
153,UFO153 Bademantel,https://web.archive.org/web/20201113201409/https://podcast-ufo.fail/wp-content/uploads/pufo153klein.mp3,done
154,UFO154 Live Show Köln,https://web.archive.org/web/20201113201409/https://podcast-ufo.fail/wp-content/uploads/pufo154klein.mp3,done
155,UFO155 Live Show Berlin,https://web.archive.org/web/20201113201409/https://podcast-ufo.fail/wp-content/uploads/pufo155.mp3,done
156,UFO156 Schuhu,https://web.archive.org/web/20201113201409/https://podcast-ufo.fail/wp-content/uploads/pufo156.mp3,done
157,UFO157 IS THE MOON CRASHING INTO EARTH?,https://web.archive.org/web/20201113201409/https://podcast-ufo.fail/wp-content/uploads/pufo157_klein.mp3,done
158,UFO158 Katzendemos,https://web.archive.org/web/20201113201409/https://podcast-ufo.fail/wp-content/uploads/pufo158.mp3,done
159,UFO159 Sambazamba,https://web.archive.org/web/20201113201409/https://podcast-ufo.fail/wp-content/uploads/pufo159.mp3,done
160,UFO160 Live Show Wien,https://web.archive.org/web/20201113201409/https://podcast-ufo.fail/wp-content/uploads/pufo160.mp3,done
161,UFO161 Zeppelin,https://web.archive.org/web/20201113201409/https://podcast-ufo.fail/wp-content/uploads/pufo161.mp3,done
162,UFO162 Feuerwehr,https://web.archive.org/web/20201113201409/https://podcast-ufo.fail/wp-content/uploads/pufo162.mp3,done
163,UFO163 Live Show Essen,https://web.archive.org/web/20201113201409/https://podcast-ufo.fail/wp-content/uploads/pufo163.mp3,done
164,UFO164 Queue,https://web.archive.org/web/20201113201409/https://podcast-ufo.fail/wp-content/uploads/pufo164.mp3,done
165,UFO165 Trüffel,https://web.archive.org/web/20201113201409/https://podcast-ufo.fail/wp-content/uploads/pufo165.mp3,done
166,UFO166 Dreier,https://web.archive.org/web/20201113201409/https://podcast-ufo.fail/wp-content/uploads/pufo166.mp3,done
167,UFO167 Guten Morgen,https://web.archive.org/web/20201113201409/https://podcast-ufo.fail/wp-content/uploads/pufo167.mp3,done
168,UFO168 Hobby,https://web.archive.org/web/20201113201409/https://podcast-ufo.fail/wp-content/uploads/pufo168.mp3,done
169,UFO169 Live Show München,https://web.archive.org/web/20201113201409/https://podcast-ufo.fail/wp-content/uploads/pufo169.mp3,done
170,UFO170 FHP,https://web.archive.org/web/20201113201409/https://podcast-ufo.fail/wp-content/uploads/pufo170.mp3,done
171,UFO171 Wringen,https://web.archive.org/web/20201113201409/https://podcast-ufo.fail/wp-content/uploads/pufo171.mp3,done
172,UFO172 Live Show Leipzig,https://web.archive.org/web/20201113201409/https://podcast-ufo.fail/wp-content/uploads/pufo172vielleicht.mp3,done
173,UFO173 Bien,https://web.archive.org/web/20201113201409/https://podcast-ufo.fail/wp-content/uploads/pufo173.mp3,done
174,UFO174 Giulia Becker,https://web.archive.org/web/20201113201409/https://podcast-ufo.fail/wp-content/uploads/pufo174_fertig.mp3,done
175,UFO175 New York,https://web.archive.org/web/20201113201409/https://podcast-ufo.fail/wp-content/uploads/pufo175.mp3,done
176,UFO176 T-Rex,https://web.archive.org/web/20201113201409/https://podcast-ufo.fail/wp-content/uploads/pufo176.mp3,done
177,UFO177 KI,https://web.archive.org/web/20201113201409/https://podcast-ufo.fail/wp-content/uploads/pufo177.mp3,done
178,UFO178 Schnuffeltuch,https://web.archive.org/web/20201113201409/https://podcast-ufo.fail/wp-content/uploads/pufo178.mp3,done
179,UFO179 Mein Beileid,https://web.archive.org/web/20201113201409/https://podcast-ufo.fail/wp-content/uploads/pufo179.mp3,done
180,"UFO180 Ja, ich kleckere!",https://web.archive.org/web/20201113201409/https://podcast-ufo.fail/wp-content/uploads/pufo180.mp3,done
181,UFO181 Zapata,https://web.archive.org/web/20201113201409/https://podcast-ufo.fail/wp-content/uploads/pufo181.mp3,done
182,UFO182 Enisratdul,https://web.archive.org/web/20201113201409/https://podcast-ufo.fail/wp-content/uploads/pufo182.mp3,done
183,UFO183 Ratschläge,https://web.archive.org/web/20201113201409/https://podcast-ufo.fail/wp-content/uploads/pufo183.mp3,done
184,UFO184 Nee,https://web.archive.org/web/20201113201409/https://podcast-ufo.fail/wp-content/uploads/pufo184.mp3,done
185,UFO185 Schuld Ich,https://web.archive.org/web/20201113201409/https://podcast-ufo.fail/wp-content/uploads/pufo185.mp3,done
186,UFO186 Überraschung!,https://web.archive.org/web/20201113201409/https://podcast-ufo.fail/wp-content/uploads/pufo186.mp3,done
187,UFO187 Hall all all,https://web.archive.org/web/20201113201409/https://podcast-ufo.fail/wp-content/uploads/pufo187.mp3,done
188,UFO188 thispodcastdoesnotexist,https://web.archive.org/web/20201113201409/https://podcast-ufo.fail/wp-content/uploads/pufo188.mp3,done
189,UFO189 Antenne Afrika,https://web.archive.org/web/20201113201409/https://podcast-ufo.fail/wp-content/uploads/pufo189.mp3,done
190,UFO190 Morgenstund,https://web.archive.org/web/20201113201409/https://podcast-ufo.fail/wp-content/uploads/pufo190.mp3,done
191,UFO191 Rollegg,https://web.archive.org/web/20201113201409/https://podcast-ufo.fail/wp-content/uploads/pufo191.mp3,done
192,UFO192 Luminol,https://web.archive.org/web/20201113201409/https://podcast-ufo.fail/wp-content/uploads/pufo192.mp3,done
193,UFO193 Spit,https://web.archive.org/web/20201113201409/https://podcast-ufo.fail/wp-content/uploads/pufo193.mp3,done
194,UFO194 Live Show Stuttgart,https://web.archive.org/web/20201113201409/https://podcast-ufo.fail/wp-content/uploads/pufo194.mp3,done
195,UFO195 Pufohub,https://web.archive.org/web/20201113201409/https://podcast-ufo.fail/wp-content/uploads/pufo195.mp3,done
196,UFO196 Kinnruck,https://web.archive.org/web/20201113201409/https://podcast-ufo.fail/wp-content/uploads/pufo196.mp3,done
197,UFO197 Kompliment!,https://web.archive.org/web/20201113201409/https://podcast-ufo.fail/wp-content/uploads/pufo197.mp3,done
198,UFO198 Live Show Hamburg,https://web.archive.org/web/20201113201409/https://podcast-ufo.fail/wp-content/uploads/pufo198.mp3,done
199,UFO199 Parfumkreis,https://web.archive.org/web/20201113201409/https://podcast-ufo.fail/wp-content/uploads/pufo199.mp3,done
200,UFO200 Zweihundert,https://web.archive.org/web/20201113201409/https://podcast-ufo.fail/wp-content/uploads/pufo200.mp3,done
201,UFO201 Hilarius,https://web.archive.org/web/20201113201409/https://podcast-ufo.fail/wp-content/uploads/pufo201.mp3,done
202,UFO202 Superman 3,https://sphinx.acast.com/podcast-ufo/ufo202superman3/media.mp3,done
203,UFO203 Live Show Berlin,https://web.archive.org/web/20201113201409/https://podcast-ufo.fail/wp-content/uploads/pufo203.mp3,done
204,UFO204 Abenteuer,https://web.archive.org/web/20201113201409/https://podcast-ufo.fail/wp-content/uploads/pufo204.mp3,done
205,UFO205 Knall,https://web.archive.org/web/20201113201409/https://podcast-ufo.fail/wp-content/uploads/pufo205_fix.mp3,done
206,UFO206 BTHVN,https://web.archive.org/web/20201113201409/https://podcast-ufo.fail/wp-content/uploads/pufo206.mp3,done
207,UFO207 Worstbird,https://web.archive.org/web/20201113201409/https://podcast-ufo.fail/wp-content/uploads/pufo207.mp3,done
208,UFO208 50 Dollar,https://web.archive.org/web/20201113201409/https://podcast-ufo.fail/wp-content/uploads/pufo208.mp3,done
209,UFO209 Dramatically,https://web.archive.org/web/20201113201409/https://podcast-ufo.fail/wp-content/uploads/pufo209.mp3,done
210,UFO210 Zu Berge,https://web.archive.org/web/20201113201409/https://podcast-ufo.fail/wp-content/uploads/pufo210.mp3,done
211,UFO211 Assistant to Mr. Titze,https://web.archive.org/web/20201113201409/https://podcast-ufo.fail/wp-content/uploads/pufo211.mp3,done
212,UFO212 Shaggy Shillok Sherlock,https://web.archive.org/web/20201113201409/https://podcast-ufo.fail/wp-content/uploads/pufo212.mp3,done
213,UFO213 Rest,https://web.archive.org/web/20201113201409/https://podcast-ufo.fail/wp-content/uploads/pufo213.mp3,done
214,UFO214 Betreff,https://web.archive.org/web/20201113201409/https://podcast-ufo.fail/wp-content/uploads/pufo214.mp3,done
215,UFO215 Manolo,https://web.archive.org/web/20201113201409/https://podcast-ufo.fail/wp-content/uploads/pufo215.mp3,done
216,UFO216 Stellt sich raus,https://web.archive.org/web/20201113201409/https://podcast-ufo.fail/wp-content/uploads/pufo216.mp3,done
217,UFO217 T-Minus,https://web.archive.org/web/20201113201409/https://podcast-ufo.fail/wp-content/uploads/pufo217.mp3,done
218,UFO218 Bon of Love,https://web.archive.org/web/20201113201409/https://podcast-ufo.fail/wp-content/uploads/pufo218.mp3,done
219,UFO219 Not so Fast,https://web.archive.org/web/20201113201409/https://podcast-ufo.fail/wp-content/uploads/pufo219.mp3,done
220,UFO220 Apfelmove,https://web.archive.org/web/20201113201409/https://podcast-ufo.fail/wp-content/uploads/pufo220.mp3,done
221,UFO221 Cortez,https://web.archive.org/web/20201113201409/https://podcast-ufo.fail/wp-content/uploads/pufo221_fix.mp3,done
222,UFO222 Blumen,https://web.archive.org/web/20201113201409/https://podcast-ufo.fail/wp-content/uploads/pufo222_mehr.mp3,done
223,UFO223 Dauerwelle,https://web.archive.org/web/20201113201409/https://podcast-ufo.fail/wp-content/uploads/pufo223.mp3,done
224,UFO224 Bamborghini,https://web.archive.org/web/20201113201409/https://podcast-ufo.fail/wp-content/uploads/pufo224ok.mp3,done
225,UFO225 An den Pranger stellen,https://web.archive.org/web/20201113201409/https://podcast-ufo.fail/wp-content/uploads/pufo225.mp3,done
226,UFO226 So viel Zeit muss sein,https://web.archive.org/web/20201113201409/https://podcast-ufo.fail/wp-content/uploads/pufo226.mp3,done
227,UFO227 Dortig,https://web.archive.org/web/20201113201409/https://podcast-ufo.fail/wp-content/uploads/pufo227.mp3,done
228,UFO228 Lapis Lazuli,https://web.archive.org/web/20201113201409/https://podcast-ufo.fail/wp-content/uploads/pufo228.mp3,done
229,UFO229 Klemmbau,https://web.archive.org/web/20201113201409/https://podcast-ufo.fail/wp-content/uploads/pufo229.mp3,done
230,UFO230 Wildwasser,https://web.archive.org/web/20201113201409/https://podcast-ufo.fail/wp-content/uploads/pufo230.mp3,done
231,UFO231 Lecker Mate,https://web.archive.org/web/20201113201409/https://podcast-ufo.fail/wp-content/uploads/pufo231.mp3,done
232,UFO232 Schotten,https://web.archive.org/web/20201113201409/https://podcast-ufo.fail/wp-content/uploads/pufo232.mp3,done
233,UFO233 Krake,https://web.archive.org/web/20201113201409/https://podcast-ufo.fail/wp-content/uploads/pufo233_fix.mp3,done
234,UFO234 Vierkäse,https://web.archive.org/web/20201113201409/https://podcast-ufo.fail/wp-content/uploads/pufo234.mp3,done
235,UFO235 Eisbär,https://web.archive.org/web/20201113201409/https://podcast-ufo.fail/wp-content/uploads/pufo235ok.mp3,done
236,UFO236 OJ,https://web.archive.org/web/20201113201409/https://podcast-ufo.fail/wp-content/uploads/pufo236.mp3,done
237,UFO237 Kugelfisch,https://web.archive.org/web/20201113201409/https://podcast-ufo.fail/wp-content/uploads/pufo237.mp3,done
238,UFO238 89,https://web.archive.org/web/20201113201409/https://podcast-ufo.fail/wp-content/uploads/pufo238.mp3,done
239,UFO239 Motannenbau,https://web.archive.org/web/20201113201409/http://podcast-ufo.fail/wp-content/uploads/pufo239.mp3,done
240,UFO240 IQ,https://web.archive.org/web/20201113201409/http://podcast-ufo.fail/wp-content/uploads/pufo240.mp3,done
241,UFO241 Hoëcker,https://web.archive.org/web/20201113201409/https://podcast-ufo.fail/wp-content/uploads/pufo241.mp3,done
242,UFO242 Glas,https://sphinx.acast.com/podcast-ufo/ufo242glas/media.mp3,done
243,UFO243 Graffitti,https://sphinx.acast.com/podcast-ufo/ufo243graffitti/media.mp3,done
244,UFO244 Begabt,https://sphinx.acast.com/podcast-ufo/ufo243graffitti-acastca94fddb/media.mp3,done
245,UFO245 All Ball,https://sphinx.acast.com/podcast-ufo/ufo245allball/media.mp3,done
246,UFO246 Fresko,https://sphinx.acast.com/podcast-ufo/uf246fresko/media.mp3,done
247,UFO247 Prim,https://sphinx.acast.com/podcast-ufo/ufo247prim/media.mp3,done
248,UFO248 Zisterne,https://sphinx.acast.com/podcast-ufo/ufo248zisterne/media.mp3,done
249,UFO249 Utz utz utz,https://sphinx.acast.com/podcast-ufo/ufo249utzutzutz/media.mp3,done
250,UFO250 Moloch,https://sphinx.acast.com/podcast-ufo/ufo250moloch/media.mp3,done
251,UFO251 Kataströphchen,https://sphinx.acast.com/podcast-ufo/ufo251katastrophchen/media.mp3,done
252,UFO252 Herakles,https://sphinx.acast.com/podcast-ufo/ufo252herakles/media.mp3,done
253,UFO253 Blubber,https://sphinx.acast.com/podcast-ufo/ufo253blubber/media.mp3,done
254,UFO254 Trödel,https://sphinx.acast.com/podcast-ufo/ufo254trodel/media.mp3,done
255,UFO255 Anubis,https://sphinx.acast.com/podcast-ufo/ufo255anubis/media.mp3,done
256,UFO256 Lama,https://sphinx.acast.com/podcast-ufo/ufo256lama/media.mp3,done
257,UFO257 Murmel,https://sphinx.acast.com/podcast-ufo/ufo257murmel/media.mp3,done
258,UFO258 Flederer,https://sphinx.acast.com/podcast-ufo/ufo258flederer/media.mp3,done
259,UFO259 Schatz,https://sphinx.acast.com/podcast-ufo/ufo259schatz/media.mp3,done
260,UFO260 Gelée Royale,https://sphinx.acast.com/podcast-ufo/ufo260geleeroyale/media.mp3,done
261,UFO261 Philister,https://sphinx.acast.com/podcast-ufo/ufo261philister/media.mp3,done
262,UFO262 Eglon,https://sphinx.acast.com/podcast-ufo/ufo262eglon/media.mp3,done
263,UFO263 Zufall,https://sphinx.acast.com/podcast-ufo/ufo263zufall/media.mp3,done
264,UFO264 Heimlich,https://sphinx.acast.com/podcast-ufo/ufo264-heimlich/media.mp3,done
265,UFO265 Bordüre,https://sphinx.acast.com/podcast-ufo/ufo265-bordure/media.mp3,done
266,UFO266 Hinter dem Mikrofon,https://sphinx.acast.com/podcast-ufo/ufo266-hinter-dem-mikrofon/media.mp3,done
267,UFO267 Motte,https://sphinx.acast.com/p/acast/s/podcast-ufo/e/60fc1bba769d03001966a82d/media.mp3+sphinx.acast.com/podcast-ufo/ufo267-motte/media.mp3,done
268,UFO268 Sauna Teil 1,https://sphinx.acast.com/p/acast/s/podcast-ufo/e/61052df43cbe5a00193e6f30/media.mp3+sphinx.acast.com/podcast-ufo/ufo268-sauna-teil-1/media.mp3,done
269,UFO269 Sauna Teil 2,https://sphinx.acast.com/p/acast/s/podcast-ufo/e/610e5d1069ea9c001401c22e/media.mp3,done
270,UFO270 Sivuplari,https://sphinx.acast.com/p/acast/s/podcast-ufo/e/611634155317960013938a37/media.mp3,done
271,UFO271 Pipps,https://sphinx.acast.com/podcast-ufo/ufo271-pipps/media.mp3,done
272,UFO272 A nach B,https://sphinx.acast.com/podcast-ufo/ufo272-a-nach-b/media.mp3,done
273,UFO273 Padel,https://sphinx.acast.com/podcast-ufo/ufo273-padel/media.mp3,done
274,UFO274 Sailor Vie,https://sphinx.acast.com/podcast-ufo/ufo274-sailor-vie/media.mp3,done
275,UFO275 Teatze,https://sphinx.acast.com/p/acast/s/podcast-ufo/e/6145c7ba882d14001303e707/media.mp3,done
276,UFO276 Giacomo,https://sphinx.acast.com/p/acast/s/podcast-ufo/e/614e154872551200137a818b/media.mp3,done
277,UFO277 A Large Man in Little Rock,https://sphinx.acast.com/p/acast/s/podcast-ufo/e/61584ed87c49660011b122db/media.mp3,done
278,UFO278 Böller,https://sphinx.acast.com/p/acast/s/podcast-ufo/e/616185c3b032750012f8f4f9/media.mp3,done
279,UFO279 Kräut und Rüben,https://sphinx.acast.com/p/acast/s/podcast-ufo/e/616aaa73eccd19001269814d/media.mp3,done
280,UFO280 Kerni,https://sphinx.acast.com/p/acast/s/podcast-ufo/e/6173fbad95bd6a0015d529ce/media.mp3,done
281,UFO281 Gurkenlord,https://sphinx.acast.com/p/acast/s/podcast-ufo/e/617d4b31e14090001284274a/media.mp3,done
282,UFO282 Aroma,https://sphinx.acast.com/p/acast/s/podcast-ufo/e/61865728685d4b00121a0898/media.mp3,done
283,UFO283 Rüssel,https://sphinx.acast.com/p/acast/s/podcast-ufo/e/618fa874689f570013df4da3/media.mp3,done
284,UFO284 Mikronesien,https://sphinx.acast.com/p/acast/s/podcast-ufo/e/6196a944f1ebb30012ed52d3/media.mp3,done
285,UFO285 Rufa,https://sphinx.acast.com/p/acast/s/podcast-ufo/e/619e5138a107c40013856c28/media.mp3,done
286,UFO286 Dioptrien,https://sphinx.acast.com/p/acast/s/podcast-ufo/e/61a786d81a776d0012b76299/media.mp3,done
287,UFO287 3D,https://sphinx.acast.com/p/acast/s/podcast-ufo/e/61b1163b1d6392001229ee36/media.mp3,done
288,UFO288 Molcar,https://sphinx.acast.com/p/acast/s/podcast-ufo/e/61b9fcd47bc5dd00128e5572/media.mp3,done
289,UFO289 Rollo,https://sphinx.acast.com/p/acast/s/podcast-ufo/e/61c45b639bcf61001282623e/media.mp3,done
290,UFO290 Knuckeln,https://sphinx.acast.com/p/acast/s/podcast-ufo/e/61c46e0e83ae940013b47b88/media.mp3,done
291,UFO291 Blau,https://sphinx.acast.com/p/acast/s/podcast-ufo/e/61d5a53f93755b0012751900/media.mp3,done
292,UFO292 Der Blühende,https://sphinx.acast.com/p/acast/s/podcast-ufo/e/61e04052a34406001263a925/media.mp3,done
293,UFO293 Rot,https://sphinx.acast.com/p/acast/s/podcast-ufo/e/61e7ed5d2983ee001374be25/media.mp3,done
294,UFO294 Basteln,https://sphinx.acast.com/p/acast/s/podcast-ufo/e/61f16386de47390012e7b370/media.mp3,done
295,UFO295 Heiße Luft,https://sphinx.acast.com/p/acast/s/podcast-ufo/e/61faba4e3c94cd001319fe2b/media.mp3,done
296,UFO296 Nordsüd,https://sphinx.acast.com/p/acast/s/podcast-ufo/e/6203c77fc683d600138bd134/media.mp3,done
297,UFO297 Blutleer,https://sphinx.acast.com/p/acast/s/podcast-ufo/e/620d05487408cb0014f0bce0/media.mp3,done
298,UFO298 Ader,https://sphinx.acast.com/p/acast/s/podcast-ufo/e/621792e83724800013f6efc5/media.mp3,done
299,UFO299 Rutsche,https://sphinx.acast.com/p/acast/s/podcast-ufo/e/621fa1feeb3dac0012bdd8bf/media.mp3,done
300,UFO300 Moll,https://sphinx.acast.com/p/acast/s/podcast-ufo/e/6228c3f19c5fda001285dc0f/media.mp3,done
301,"UFO301 2,40€",https://sphinx.acast.com/p/acast/s/podcast-ufo/e/62332f682fde03001762fb22/media.mp3,done
302,UFO302 Howdy,https://sphinx.acast.com/p/acast/s/podcast-ufo/e/623b0c9429503c0013d52fa5/media.mp3,done
303,UFO303 Widmung,https://sphinx.acast.com/p/acast/s/podcast-ufo/e/6244405e497d500012ad1dd4/media.mp3,done
304,UFO304 Live Show Hamburg,https://sphinx.acast.com/p/acast/s/podcast-ufo/e/624d720eec2e0300126e85c9/media.mp3,done
305,UFO305 Slush,https://sphinx.acast.com/p/acast/s/podcast-ufo/e/624d720eec2e0300126e85c9/media.mp3,done
306,UFO306 Hänää,https://sphinx.acast.com/p/acast/s/podcast-ufo/e/625ed47e90b7f900126df602/media.mp3,done
307,UFO307 Live Show Köln,https://sphinx.acast.com/p/acast/s/podcast-ufo/e/626aead8681c980013b967e2/media.mp3,done
308,UFO308 Wind,https://sphinx.acast.com/p/acast/s/podcast-ufo/e/627288f8aab3a80012f40fa7/media.mp3,done
309,UFO309 Edamame,https://sphinx.acast.com/p/acast/s/podcast-ufo/e/627bc15e84f3d50012d417f7/media.mp3,done
310,UFO310 Live Show Berlin,https://sphinx.acast.com/p/acast/s/podcast-ufo/e/6283955670c99c001291d70c/media.mp3,done
311,UFO311 Zebra,https://sphinx.acast.com/p/acast/s/podcast-ufo/e/628e3377089a200012fb0e0d/media.mp3,done
312,UFO312 Kratzer (Live),https://sphinx.acast.com/p/acast/s/podcast-ufo/e/6297623d8c675a001210a626/media.mp3,done
313,UFO313 Banane,https://sphinx.acast.com/p/acast/s/podcast-ufo/e/62a1c059672d9a001475d621/media.mp3,done
314,UFO314 Maura,https://sphinx.acast.com/p/acast/s/podcast-ufo/e/62a1c29b13e14d0011eb5abf/media.mp3,done
315,UFO315 Rücken (Live),https://sphinx.acast.com/p/acast/s/podcast-ufo/e/62b378c1294dda00124e8391/media.mp3,done
316,UFO316 Honig,https://sphinx.acast.com/p/acast/s/podcast-ufo/e/62bca1a319171f0013b95429/media.mp3,done
317,UFO317 Erdbeben,https://sphinx.acast.com/p/acast/s/podcast-ufo/e/62c561e5cb74c50012947f4e/media.mp3,done
318,UFO318 Bingo,https://sphinx.acast.com/p/acast/s/podcast-ufo/e/62cec2f7002a590013b23e3f/media.mp3,done
319,UFO319 Bär (Live),https://sphinx.acast.com/p/acast/s/podcast-ufo/e/62d4fd8521055c0013a1f305/media.mp3,done
320,UFO320 Bewusstseinslage,https://sphinx.acast.com/p/acast/s/podcast-ufo/e/62d4ffa51ba3f100127665d7/media.mp3,done
321,UFO321 Perú,https://sphinx.acast.com/p/acast/s/podcast-ufo/e/62fd7535f8071400126dd1d0/media.mp3,done
322,UFO322 Taylor,https://sphinx.acast.com/p/acast/s/podcast-ufo/e/630610560032920013e02a87/media.mp3,done
323,UFO323 Man hat nie hinten das Obst (Live),https://sphinx.acast.com/p/acast/s/podcast-ufo/e/630f37be439f8200126d48f2/media.mp3,done
324,UFO324 Introvertiert,https://sphinx.acast.com/p/acast/s/podcast-ufo/e/6318b14966545f00132f1694/media.mp3,done
325,UFO325 Nolens Volens,https://sphinx.acast.com/p/acast/s/podcast-ufo/e/6321d770afdbd10012cbfea1/media.mp3,done
326,UFO326 Rennbahn,https://sphinx.acast.com/p/acast/s/podcast-ufo/e/632efca88ad88f00136a4c32/media.mp3,done
327,UFO327 Starlight Express (Live),https://sphinx.acast.com/p/acast/s/podcast-ufo/e/6335b7089f1fba001235acb2/media.mp3,done
328,UFO328 Blende,https://sphinx.acast.com/p/acast/s/podcast-ufo/e/633da270b8bb2e00111ca021/media.mp3,done
329,UFO329 Schlüsselbein (Live),https://sphinx.acast.com/p/acast/s/podcast-ufo/e/6346b336f511a80012c2e963/media.mp3,done
330,UFO330 Gummi,https://sphinx.acast.com/p/acast/s/podcast-ufo/e/634ff9723bf2f7001153a0b1/media.mp3,done
331,UFO331 Los,https://sphinx.acast.com/p/acast/s/podcast-ufo/e/635933d5d9059b0011a8ff0a/media.mp3,done
332,UFO332 Kein Mitleid,https://sphinx.acast.com/p/acast/s/podcast-ufo/e/63696ba058f85600128915a2/media.mp3,done
333,UFO333 Truthuhn,https://sphinx.acast.com/p/acast/s/podcast-ufo/e/636c2ff9ed48850012262b74/media.mp3,done
334,UFO334 Hydra,https://sphinx.acast.com/p/acast/s/podcast-ufo/e/637574bb6f958200119f8b4e/media.mp3,done
335,UFO335 Yabadabadoo,https://sphinx.acast.com/p/acast/s/podcast-ufo/e/637fe55feb07a600123cee37/media.mp3,done
336,UFO336 Goldbarren,https://sphinx.acast.com/p/acast/s/podcast-ufo/e/63876b896322960010b3d9aa/media.mp3,done
337,UFO337 Poolnudel,https://sphinx.acast.com/p/acast/s/podcast-ufo/e/639099a4a5945000114f410f/media.mp3,done
338,UFO338 Lachflasche,https://sphinx.acast.com/p/acast/s/podcast-ufo/e/63a59ba7addd5a00108975dd/media.mp3,done
339,UFO339 Schenkung,https://sphinx.acast.com/p/acast/s/podcast-ufo/e/6399d8a590f16a001087b5a2/media.mp3,done
340,UFO340 Schweigen,https://sphinx.acast.com/p/acast/s/podcast-ufo/e/63b58a4808aab5001131aaa4/media.mp3,done
341,UFO341 666,https://sphinx.acast.com/p/acast/s/podcast-ufo/e/63bebeeea264a700112ac9ca/media.mp3,done
342,UFO342 Die Schatzinsel,https://sphinx.acast.com/p/acast/s/podcast-ufo/e/63c7fe07be165a00110289a4/media.mp3,done
343,UFO343 Knopf,https://sphinx.acast.com/p/acast/s/podcast-ufo/e/63d13319b9600100108acb5f/media.mp3,done
344,UFO344 Villa,https://sphinx.acast.com/p/acast/s/podcast-ufo/e/63da6c7d3df9bf00116c1c00/media.mp3,done
345,UFO345 Schlauch,https://sphinx.acast.com/p/acast/s/podcast-ufo/e/63e3a7026b8e0400110a344f/media.mp3,done
346,UFO346 Prenzie,https://sphinx.acast.com/p/acast/s/podcast-ufo/e/63ece3d32ca29e001193140e/media.mp3,done
347,UFO347 Viertelmeile,https://sphinx.acast.com/p/acast/s/podcast-ufo/e/63ece755e716650011028a63/media.mp3,done
348,UFO348 Göffel,https://sphinx.acast.com/p/acast/s/podcast-ufo/e/63ff5a90b71a580011a82074/media.mp3,done
349,UFO349 Körperöffnung,https://sphinx.acast.com/p/acast/s/podcast-ufo/e/6408c24e22dd0400111c29c4/media.mp3,done
350,UFO350 Buzz,https://sphinx.acast.com/p/acast/s/podcast-ufo/e/641325ffd4086100117fd4c2/media.mp3,done
351,UFO351 Reifemeister,https://sphinx.acast.com/p/acast/s/podcast-ufo/e/641b2646aa7db70011163a8d/media.mp3,done
352,UFO352 Impuls,https://sphinx.acast.com/p/acast/s/podcast-ufo/e/641b31559c030600113f5a72/media.mp3,done
353,UFO353 Lippen,https://sphinx.acast.com/p/acast/s/podcast-ufo/e/642d788763f9a2001119436c/media.mp3,done
354,UFO354 Geraeusch,https://sphinx.acast.com/p/acast/s/podcast-ufo/e/6436b04f3b34ac001196b3cb/media.mp3,done
355,UFO355 Ompel,https://sphinx.acast.com/p/acast/s/podcast-ufo/e/643fe2ecc9ba5a00115eab7e/media.mp3,done
356,UFO356 Weiter,https://sphinx.acast.com/p/acast/s/podcast-ufo/e/644923e68af114001134282e/media.mp3,done
357,UFO357 Täuber,https://sphinx.acast.com/p/acast/s/podcast-ufo/e/6452641156fd6900112cc6be/media.mp3,done
358,UFO358 Ecke,https://sphinx.acast.com/p/acast/s/podcast-ufo/e/645b8b01eff3730011b70017/media.mp3,done
359,UFO359 Orakel,https://sphinx.acast.com/p/acast/s/podcast-ufo/e/6464f18b48feb400111e30da/media.mp3,done
360,UFO360 Hawaii,https://sphinx.acast.com/p/acast/s/podcast-ufo/e/646e18a81740730011d708e4/media.mp3,done
361,UFO361 Putsch,https://sphinx.acast.com/p/acast/s/podcast-ufo/e/647735048862de00116717d6/media.mp3,done
362,UFO362 Haus und Hos',https://sphinx.acast.com/p/acast/s/podcast-ufo/e/64806dabb47496001142d8eb/media.mp3,done
363,UFO363 Druck,https://sphinx.acast.com/p/acast/s/podcast-ufo/e/6489a2c81cc6f70011afe589/media.mp3,done
364,UFO364 Julo,https://sphinx.acast.com/p/acast/s/podcast-ufo/e/6492f33e6b359d00116d26e0/media.mp3,done
365,UFO365 Gulden,https://sphinx.acast.com/p/acast/s/podcast-ufo/e/649c28fdab8b530011340ed8/media.mp3,done
366,UFO366 Rose,https://sphinx.acast.com/p/acast/s/podcast-ufo/e/64a545ad76d5b8001147b31d/media.mp3,done
367,UFO367 Uhu,https://sphinx.acast.com/p/acast/s/podcast-ufo/e/64ae9de9e2833f001261e1d5/media.mp3,done
368,UFO368 Donnerstein,https://sphinx.acast.com/p/acast/s/podcast-ufo/e/64b7a162e0e7180011e24e94/media.mp3,done
369,UFO369 Daumen hoch!,https://sphinx.acast.com/p/acast/s/podcast-ufo/e/64be949cae68fa00110956a1/media.mp3,done
370,UFO370 Kirsche,https://sphinx.acast.com/p/acast/s/podcast-ufo/e/64be96e43d225f0011fa9f51/media.mp3,done
371,UFO371 Luftkuchen,https://sphinx.acast.com/p/acast/s/podcast-ufo/e/64d49c1f3298c80011986f4f/media.mp3,done
372,UFO372 Clarice,https://sphinx.acast.com/p/acast/s/podcast-ufo/e/64dd53412000030011fe4414/media.mp3,done
373,UFO373 Zwitschedurie,https://sphinx.acast.com/p/acast/s/podcast-ufo/e/64e7b5c596ce150010440b51/media.mp3,done
374,UFO374 Marienkäferchen,https://sphinx.acast.com/p/acast/s/podcast-ufo/e/64f062307e996b001104b9d8/media.mp3,done
375,UFO375 Eliens,https://sphinx.acast.com/p/acast/s/podcast-ufo/e/64f9b941ec7d25001141790d/media.mp3,done
376,UFO376 Knirps,https://sphinx.acast.com/p/acast/s/podcast-ufo/e/650317ee7bb4e100127e9b38/media.mp3,done
377,UFO377 Papi,https://sphinx.acast.com/p/acast/s/podcast-ufo/e/64f062307e996b001104b9d8/media.mp3,done
378,UFO378 Warum mögen wir was uns unglücklich macht?,https://sphinx.acast.com/p/acast/s/podcast-ufo/e/6516b540ebbe5d00116f7df9/media.mp3,done
379,UFO379 Können wir nochmal über die Rhönradsituation sprechen?,https://sphinx.acast.com/p/acast/s/podcast-ufo/e/651d66b2376fed0011eb0e53/media.mp3,done
380,UFO380 Hutreiz,https://sphinx.acast.com/p/acast/s/podcast-ufo/e/65290110b774f70011ddd9d4/media.mp3,done
381,UFO381 Kamadu,https://sphinx.acast.com/p/acast/s/podcast-ufo/e/653119f9f1669d0011979839/media.mp3,done
382,UFO382 Feucht,https://sphinx.acast.com/p/acast/s/podcast-ufo/e/653a48b618e0ae0011763dc9/media.mp3,done
383,UFO383 Unterjährig,https://sphinx.acast.com/p/acast/s/podcast-ufo/e/654439818235ab0012db7a4e/media.mp3,done
384,UFO384 Wirbellos,https://sphinx.acast.com/p/acast/s/podcast-ufo/e/654cd0f88290a10012ad0ecf/media.mp3,done
385,UFO385 Hürde,https://sphinx.acast.com/p/acast/s/podcast-ufo/e/6555f1a30764660012cd9393/media.mp3,done
386,UFO386 Taube,https://sphinx.acast.com/p/acast/s/podcast-ufo/e/65609c26eb176200122dfe90/media.mp3,done
387,UFO387 Sekret,https://sphinx.acast.com/p/acast/s/podcast-ufo/e/6568a45f9bd5d3001311af30/media.mp3,done
388,UFO388 Baum,https://sphinx.acast.com/p/acast/s/podcast-ufo/e/657052c22bf44a00126c37fb/media.mp3,done
389,UFO389 Alphabet 3,https://sphinx.acast.com/p/acast/s/podcast-ufo/e/657c5beda479fb0016193be7/media.mp3,done
390,UFO390 Schlieg,https://sphinx.acast.com/p/acast/s/podcast-ufo/e/6585555259e91500173fbee5/media.mp3,done
391,UFO391 Durst,https://sphinx.acast.com/p/acast/s/podcast-ufo/e/658ee7d8e90f1d0017326182/media.mp3,done
392,UFO392 Pika,https://sphinx.acast.com/p/acast/s/podcast-ufo/e/6597f11089cdd90017ce5d90/media.mp3,done
393,UFO393 Koeffizient,https://sphinx.acast.com/p/acast/s/podcast-ufo/e/659fbe359dfc440015965736/media.mp3,done
394,UFO394 Bierkorken,https://sphinx.acast.com/p/acast/s/podcast-ufo/e/659fc188c19e3d00165daf4a/media.mp3,done
395,UFO395 Schmerz,https://sphinx.acast.com/p/acast/s/podcast-ufo/e/65b23143ad91a20017bf8f59/media.mp3,done
396,UFO396 Robo,https://sphinx.acast.com/p/acast/s/podcast-ufo/e/65b2316faab5c00016210b1e/media.mp3,done
397,UFO397 Bologna,https://sphinx.acast.com/p/acast/s/podcast-ufo/e/65c64f5a2f12a600167dca27/media.mp3,done
398,UFO398 Konsortium,https://sphinx.acast.com/p/acast/s/podcast-ufo/e/65d0a6a503f13900163f426b/media.mp3,done
399,UFO399 Suez,https://sphinx.acast.com/p/acast/s/podcast-ufo/e/65d86f161fe3710018815df0/media.mp3,done
400,UFO400 Ubus Priates,https://sphinx.acast.com/p/acast/s/podcast-ufo/e/65e0716296c1510018f4d218/media.mp3,done
401,UFO401 Abblasen,https://sphinx.acast.com/p/acast/s/podcast-ufo/e/65e072497805a1001660d42d/media.mp3,done
402,UFO402 World Disney,https://sphinx.acast.com/p/acast/s/podcast-ufo/e/65e072efaba05e0016a7dd66/media.mp3,done
403,UFO403 Lichtung,https://sphinx.acast.com/p/acast/s/podcast-ufo/e/65fc0e7bcce2030016fbc0ed/media.mp3,done
404,UFO404 Montaña y Flora,https://sphinx.acast.com/p/acast/s/podcast-ufo/e/65fc0ee6365a7b00177f4d54/media.mp3,done
405,UFO405 Das Innere Auge,https://sphinx.acast.com/p/acast/s/podcast-ufo/e/660fd538cb989b00178eafec/media.mp3,done
406,UFO406 Hammse,https://sphinx.acast.com/p/acast/s/podcast-ufo/e/66190f3a88fa540016ffed76/media.mp3,done
407,UFO407 Walsturz,https://sphinx.acast.com/p/acast/s/podcast-ufo/e/6620f1a35d8b390011120a14/media.mp3,done
408,UFO408 Die Trivialität des Besonderen,https://sphinx.acast.com/p/acast/s/podcast-ufo/e/662cad62a1c8cf0012f26c01/media.mp3,done
409,UFO409 Pumped Kirby,https://sphinx.acast.com/p/acast/s/podcast-ufo/e/6634f8ed5c72f300125b5c5e/media.mp3,done
410,UFO410 Halt Stop,https://sphinx.acast.com/p/acast/s/podcast-ufo/e/663df4751f998c00126699bb/media.mp3,done
411,UFO411 Mehrseitiges Dokument,https://sphinx.acast.com/p/acast/s/podcast-ufo/e/663df4c015398a001200adc2/media.mp3,done
412,UFO412 Schatten in Rom,https://sphinx.acast.com/p/acast/s/podcast-ufo/e/664c61b52cecde0012c952f2/media.mp3,done
413,UFO413 Glocken in Dublin,https://sphinx.acast.com/p/acast/s/podcast-ufo/e/664c61e22830620012d17e3d/media.mp3,done
414,UFO414 Nixhts ist besser als was,https://sphinx.acast.com/p/acast/s/podcast-ufo/e/6661b24d6a3b3e00121be392/media.mp3,done
415,UFO415 Gorgo,https://sphinx.acast.com/p/acast/s/podcast-ufo/e/666aed02899a1b0012d3b720/media.mp3,done
416,UFO416 Döner,https://sphinx.acast.com/p/acast/s/podcast-ufo/e/6674aa143b75e800125ad8ff/media.mp3,done
417,UFO417 Tüte,https://sphinx.acast.com/p/acast/s/podcast-ufo/e/667dcf71fad4724cde62e644/media.mp3,done
418,UFO418 Lederhuttragender Nekromant,https://sphinx.acast.com/p/acast/s/podcast-ufo/e/6687c3dbfc882c395bfa5c07/media.mp3,done
419,UFO419 Komfort,https://sphinx.acast.com/p/acast/s/podcast-ufo/e/668ea23c38b27712162c29e8/media.mp3,done
420,UFO420 Alle?,https://sphinx.acast.com/p/acast/s/podcast-ufo/e/669996c06a2f3a594d082e33/media.mp3,done
421,UFO421 Kapitalissimus,https://sphinx.acast.com/p/acast/s/podcast-ufo/e/669ce45efc4972011bd73bd3/media.mp3,done
422,UFO422 Esel,https://sphinx.acast.com/p/acast/s/podcast-ufo/e/669cf317cb49f293069c2719/media.mp3,done
423,UFO423 Rentier,https://sphinx.acast.com/p/acast/s/podcast-ufo/e/66b5c0f3d9144886b49f5ed5/media.mp3,done
424,UFO424 Zwei Weltmeisterbrötchen,https://sphinx.acast.com/p/acast/s/podcast-ufo/e/66bf0aa78d5b0e0994a8218c/media.mp3,done
425,UFO425 Die Stimme des Intellekts ist leise,https://sphinx.acast.com/p/acast/s/podcast-ufo/e/66c83643a45b7b5037d0bc11/media.mp3,done
426,UFO426 Gong,https://sphinx.acast.com/p/acast/s/podcast-ufo/e/66cf503ed18488679c0916b2/media.mp3,done
427,UFO427 Bitte Dick,https://sphinx.acast.com/p/acast/s/podcast-ufo/e/66d9f7a329a27e316740ea99/media.mp3,done
428,UFO428 Antiwunder,https://sphinx.acast.com/p/acast/s/podcast-ufo/e/66e2e92c51960f14a8c42cf4/media.mp3,done
429,UFO429 Noreply,https://sphinx.acast.com/p/acast/s/podcast-ufo/e/66eddb4bdaa04f7bba6e1654/media.mp3,done
430,UFO430 Aber es steht,https://sphinx.acast.com/p/acast/s/podcast-ufo/e/66f664fae2386736b57ad786/media.mp3,done
431,UFO431 Gruseltober,https://sphinx.acast.com/p/acast/s/podcast-ufo/e/66fe92f79c11fb17d2a47e80/media.mp3,done
432,UFO432 Erraeff,https://sphinx.acast.com/p/acast/s/podcast-ufo/e/67084fc3f7743dfe52f92fee/media.mp3,done
433,UFO433 Bernstein,https://sphinx.acast.com/p/acast/s/podcast-ufo/e/6712021f0c127cea512a875a/media.mp3,done
434,UFO434 Aalhaken,https://sphinx.acast.com/p/acast/s/podcast-ufo/e/6719f8fc90e4ac3e5a612996/media.mp3,done
435,UFO435 Der Code,https://sphinx.acast.com/p/acast/s/podcast-ufo/e/672373c60e172486e431fdb9/media.mp3,done
436,UFO436 Großelb,https://sphinx.acast.com/p/acast/s/podcast-ufo/e/672e0b6261e4ef810f3671ce/media.mp3,done
437,UFO437 Nogger,https://sphinx.acast.com/p/acast/s/podcast-ufo/e/67370fadd3a0091de2a6e38f/media.mp3,done
438,UFO438 Minus 16 LUFS,https://sphinx.acast.com/p/acast/s/podcast-ufo/e/673f329b20a42f1af353b550/media.mp3,done
439,UFO439 Brass,https://sphinx.acast.com/p/acast/s/podcast-ufo/e/6749d881a8c6690faa5633ce/media.mp3,done
440,UFO440 Ramses,https://sphinx.acast.com/p/acast/s/podcast-ufo/e/6752b5386af55bd5150aef48/media.mp3,done
441,UFO441 Bubbler,https://sphinx.acast.com/p/acast/s/podcast-ufo/e/675bf7bc2cbf794820277674/media.mp3,done
442,UFO442 Geldeimer,https://sphinx.acast.com/p/acast/s/podcast-ufo/e/6765460ab49c6255e8334010/media.mp3,done
443,UFO443 Du-Botschaft,https://sphinx.acast.com/p/acast/s/podcast-ufo/e/676e85d88183a8a36a6b74e1/media.mp3,done
444,UFO444 Die Prinzen,https://sphinx.acast.com/p/acast/s/podcast-ufo/e/6777a1fe77d7a3f73aae9275/media.mp3,done
445,UFO445 Luna Lunaris,https://sphinx.acast.com/p/acast/s/podcast-ufo/e/677fa46d334b58099ffee285/media.mp3,done
446,UFO446 Examiner,https://sphinx.acast.com/p/acast/s/podcast-ufo/e/67899a895d7bc16e49c05045/media.mp3,done
447,UFO447 Idyll,https://sphinx.acast.com/p/acast/s/podcast-ufo/e/67941bea28da99579c75a7f4/media.mp3,done
448,UFO448 Wenn schon dann richtig,https://sphinx.acast.com/p/acast/s/podcast-ufo/e/679c723d2ca2b62f97cf18a9/media.mp3,done
449,UFO449 Satellite,https://sphinx.acast.com/p/acast/s/podcast-ufo/e/67a50499403597e482d08e41/media.mp3,done
450,UFO450 Cookie,https://sphinx.acast.com/p/acast/s/podcast-ufo/e/67af1aef5bd6cff3003468fa/media.mp3,done
451,UFO451 Krank,https://sphinx.acast.com/p/acast/s/podcast-ufo/e/67b839d061b0b00349709404/media.mp3,done
452,UFO452 Krank 2,https://sphinx.acast.com/p/acast/s/podcast-ufo/e/67c17abc06f2d3a9f8287f29/media.mp3,done
453,UFO453 Alraune,https://sphinx.acast.com/p/acast/s/podcast-ufo/e/67c9633d3384591a38db376e/media.mp3,done
454,UFO454 Kakaobohne im Schmetterlingshaus,https://sphinx.acast.com/p/acast/s/podcast-ufo/e/67d3e8e24fd0b4899f31ce0a/media.mp3,done
455,UFO455 Soft Summer,https://sphinx.acast.com/p/acast/s/podcast-ufo/e/67dbcea9d79e9e199186d2a2/media.mp3,done
456,UFO456 Vollgas,https://sphinx.acast.com/p/acast/s/podcast-ufo/e/67e5142a883ec8176afd9258/media.mp3,done
457,UFO457 Mixer,https://sphinx.acast.com/p/acast/s/podcast-ufo/e/67efcae5dd74d6439c27d499/media.mp3,done
458,UFO458 Service,https://sphinx.acast.com/p/acast/s/podcast-ufo/e/67f7bf5ebb8fcfee75b595a0/media.mp3,done
459,UFO459 Ei,https://sphinx.acast.com/p/acast/s/podcast-ufo/e/680392a83808841569a3caa0/media.mp3,done
460,UFO460 Schuppen,https://sphinx.acast.com/p/acast/s/podcast-ufo/e/680b5c0bd6473fbdddaecd6f/media.mp3,done
461,UFO461 Problema,https://sphinx.acast.com/p/acast/s/podcast-ufo/e/68147652f7d552efdcce33db/media.mp3,done
462,UFO462 Flachwesen,https://sphinx.acast.com/p/acast/s/podcast-ufo/e/681d8bdb365a6906d35566d9/media.mp3,done
463,UFO463 Warenentwertung,https://sphinx.acast.com/p/acast/s/podcast-ufo/e/6826e9933e2c04fd7a680897/media.mp3,done
464,UFO464 Füller,https://sphinx.acast.com/p/acast/s/podcast-ufo/e/683089639cad4906be8b9381/media.mp3,done
465,UFO465 Lendenschurz,https://sphinx.acast.com/p/acast/s/podcast-ufo/e/68399995b2e4c2434bf84388/media.mp3,done
